"# SYNTHETIC battery power/current trace (road-load model, 1800 kg, eta 0.90, aux 0.5 kW) - test data only"
Time [s],Speed [km/h],Acceleration [m/s2],Battery power [kW],Battery current [A],SOC [%]
0,0.0,0.0,0.5,1.302,90.0
1,0.0,0.0,0.5,1.302,89.9996
2,0.0,0.0,0.5,1.302,89.9993
3,0.0,0.0,0.5,1.302,89.9989
4,0.0,0.0,0.5,1.302,89.9986
5,0.0,0.0,0.5,1.302,89.9982
6,0.0,0.0,0.5,1.302,89.9978
7,0.0,0.0,0.5,1.302,89.9975
8,0.0,0.0,0.5,1.302,89.9971
9,0.0,0.0,0.5,1.302,89.9967
10,0.0,0.2778,0.5,1.302,89.9964
11,2.0,0.5556,1.2154,3.165,89.996
12,4.0,0.5556,1.9313,5.029,89.9951
13,6.0,0.5556,2.648,6.896,89.9937
14,8.0,0.5556,3.366,8.766,89.9918
15,10.0,0.5556,4.0857,10.64,89.9894
16,12.0,0.5556,4.8076,12.52,89.9864
17,14.0,0.5556,5.5321,14.407,89.983
18,16.0,0.5556,6.2596,16.301,89.979
19,18.0,0.5556,6.9906,18.205,89.9744
20,20.0,0.5556,7.7254,20.118,89.9694
21,22.0,0.5556,8.4645,22.043,89.9638
22,24.0,0.5556,9.2084,23.98,89.9577
23,26.0,0.5556,9.9575,25.931,89.951
24,28.0,0.5556,10.7122,27.896,89.9438
25,30.0,0.2778,6.8432,17.821,89.9361
26,30.0,0.0,2.2136,5.765,89.9311
27,30.0,0.0,2.2136,5.765,89.9295
28,30.0,0.0,2.2136,5.765,89.9279
29,30.0,0.0,2.2136,5.765,89.9263
30,30.0,0.0,2.2136,5.765,89.9247
31,30.0,0.0,2.2136,5.765,89.9231
32,30.0,0.0,2.2136,5.765,89.9215
33,30.0,0.0,2.2136,5.765,89.9199
34,30.0,0.0,2.2136,5.765,89.9183
35,30.0,0.0,2.2136,5.765,89.9167
36,30.0,0.0,2.2136,5.765,89.9151
37,30.0,0.0,2.2136,5.765,89.9135
38,30.0,0.0,2.2136,5.765,89.9119
39,30.0,0.0,2.2136,5.765,89.9103
40,30.0,-0.4167,-3.737,-9.732,89.9087
41,27.0,-0.8333,-8.4094,-21.899,89.9114
42,24.0,-0.8333,-7.4462,-19.391,89.9175
43,21.0,-0.8333,-6.4735,-16.858,89.9229
44,18.0,-0.8333,-5.4926,-14.304,89.9275
45,15.0,-0.8333,-4.5047,-11.731,89.9315
46,12.0,-0.8333,-3.5108,-9.143,89.9348
47,9.0,-0.8333,-2.5122,-6.542,89.9373
48,6.0,-0.8333,-1.5101,-3.933,89.9391
49,3.0,-0.8333,-0.5057,-1.317,89.9402
50,0.0,-0.4167,0.5,1.302,89.9406
51,0.0,0.0,0.5,1.302,89.9402
52,0.0,0.0,0.5,1.302,89.9399
53,0.0,0.0,0.5,1.302,89.9395
54,0.0,0.0,0.5,1.302,89.9391
55,0.0,0.0,0.5,1.302,89.9388
56,0.0,0.0,0.5,1.302,89.9384
57,0.0,0.0,0.5,1.302,89.9381
58,0.0,0.0,0.5,1.302,89.9377
59,0.0,0.0,0.5,1.302,89.9373
60,0.0,0.3125,0.5,1.302,89.937
61,2.25,0.625,1.3917,3.624,89.9366
62,4.5,0.625,2.284,5.948,89.9356
63,6.75,0.625,3.1775,8.275,89.9339
64,9.0,0.625,4.0728,10.606,89.9316
65,11.25,0.625,4.9707,12.944,89.9287
66,13.5,0.625,5.8716,15.291,89.9251
67,15.75,0.625,6.7761,17.646,89.9209
68,18.0,0.625,7.685,20.013,89.916
69,20.25,0.625,8.5988,22.393,89.9104
70,22.5,0.625,9.5181,24.787,89.9042
71,24.75,0.625,10.4435,27.197,89.8973
72,27.0,0.625,11.3758,29.624,89.8897
73,29.25,0.625,12.3153,32.071,89.8815
74,31.5,0.625,13.2629,34.539,89.8726
75,33.75,0.625,14.2191,37.029,89.863
76,36.0,0.625,15.1844,39.543,89.8527
77,38.25,0.625,16.1596,42.082,89.8417
78,40.5,0.625,17.1452,44.649,89.83
79,42.75,0.625,18.1419,47.245,89.8176
80,45.0,0.3356,11.9165,31.033,89.8045
81,45.167,0.0463,4.7043,12.251,89.7959
82,45.333,0.0463,4.7259,12.307,89.7925
83,45.5,0.0463,4.7477,12.364,89.7891
84,45.667,0.0463,4.7695,12.42,89.7856
85,45.833,0.0463,4.7913,12.477,89.7822
86,46.0,0.0463,4.8133,12.535,89.7787
87,46.167,0.0463,4.8353,12.592,89.7752
88,46.333,0.0463,4.8573,12.649,89.7717
89,46.5,0.0463,4.8795,12.707,89.7682
90,46.667,0.0463,4.9017,12.765,89.7647
91,46.833,0.0463,4.924,12.823,89.7612
92,47.0,0.0463,4.9463,12.881,89.7576
93,47.167,0.0463,4.9687,12.939,89.754
94,47.333,0.0463,4.9912,12.998,89.7504
95,47.5,0.0463,5.0138,13.057,89.7468
96,47.667,0.0463,5.0364,13.116,89.7432
97,47.833,0.0463,5.0591,13.175,89.7395
98,48.0,0.0463,5.0819,13.234,89.7359
99,48.167,0.0463,5.1047,13.294,89.7322
100,48.333,0.0463,5.1276,13.353,89.7285
101,48.5,0.0463,5.1506,13.413,89.7248
102,48.667,0.0463,5.1737,13.473,89.7211
103,48.833,0.0463,5.1968,13.533,89.7173
104,49.0,0.0463,5.22,13.594,89.7136
105,49.167,0.0463,5.2433,13.654,89.7098
106,49.333,0.0463,5.2667,13.715,89.706
107,49.5,0.0463,5.2901,13.776,89.7022
108,49.667,0.0463,5.3136,13.838,89.6984
109,49.833,0.0463,5.3372,13.899,89.6945
110,50.0,-0.2546,-2.3335,-6.077,89.6907
111,48.0,-0.5556,-8.7887,-22.887,89.6924
112,46.0,-0.5556,-8.4646,-22.043,89.6987
113,44.0,-0.5556,-8.1325,-21.178,89.7048
114,42.0,-0.5556,-7.7927,-20.293,89.7107
115,40.0,-0.5556,-7.4455,-19.389,89.7164
116,38.0,-0.5556,-7.0914,-18.467,89.7217
117,36.0,-0.5556,-6.7306,-17.528,89.7269
118,34.0,-0.5556,-6.3636,-16.572,89.7317
119,32.0,-0.5556,-5.9906,-15.6,89.7363
120,30.0,-0.5556,-5.612,-14.615,89.7407
121,28.0,-0.5556,-5.2282,-13.615,89.7447
122,26.0,-0.5556,-4.8394,-12.603,89.7485
123,24.0,-0.5556,-4.4462,-11.579,89.752
124,22.0,-0.5556,-4.0487,-10.544,89.7552
125,20.0,-0.5556,-3.6474,-9.499,89.7582
126,18.0,-0.5556,-3.2426,-8.444,89.7608
127,16.0,-0.5556,-2.8347,-7.382,89.7632
128,14.0,-0.5556,-2.424,-6.312,89.7652
129,12.0,-0.5556,-2.0108,-5.237,89.767
130,10.0,-0.5556,-1.5956,-4.155,89.7684
131,8.0,-0.5556,-1.1785,-3.069,89.7696
132,6.0,-0.5556,-0.7601,-1.979,89.7704
133,4.0,-0.5556,-0.3407,-0.887,89.771
134,2.0,-0.5556,0.0795,0.207,89.7712
135,0.0,-0.2778,0.5,1.302,89.7712
136,0.0,0.0,0.5,1.302,89.7708
137,0.0,0.0,0.5,1.302,89.7704
138,0.0,0.0,0.5,1.302,89.7701
139,0.0,0.0,0.5,1.302,89.7697
140,0.0,0.0,0.5,1.302,89.7693
141,0.0,0.0,0.5,1.302,89.769
142,0.0,0.0,0.5,1.302,89.7686
143,0.0,0.0,0.5,1.302,89.7683
144,0.0,0.0,0.5,1.302,89.7679
145,0.0,0.2778,0.5,1.302,89.7675
146,2.0,0.5556,1.2154,3.165,89.7672
147,4.0,0.5556,1.9313,5.029,89.7663
148,6.0,0.5556,2.648,6.896,89.7649
149,8.0,0.5556,3.366,8.766,89.763
150,10.0,0.5556,4.0857,10.64,89.7606
151,12.0,0.5556,4.8076,12.52,89.7576
152,14.0,0.5556,5.5321,14.407,89.7541
153,16.0,0.5556,6.2596,16.301,89.7501
154,18.0,0.5556,6.9906,18.205,89.7456
155,20.0,0.5556,7.7254,20.118,89.7405
156,22.0,0.5556,8.4645,22.043,89.7349
157,24.0,0.5556,9.2084,23.98,89.7288
158,26.0,0.5556,9.9575,25.931,89.7222
159,28.0,0.5556,10.7122,27.896,89.715
160,30.0,0.5556,11.4729,29.877,89.7072
161,32.0,0.5556,12.24,31.875,89.6989
162,34.0,0.5556,13.0141,33.891,89.6901
163,36.0,0.5556,13.7955,35.926,89.6806
164,38.0,0.5556,14.5847,37.981,89.6707
165,40.0,0.5556,15.3821,40.057,89.6601
166,42.0,0.5556,16.1881,42.156,89.649
167,44.0,0.5556,17.0031,44.279,89.6373
168,46.0,0.5556,17.8277,46.426,89.625
169,48.0,0.5556,18.6621,48.599,89.6121
170,50.0,0.3241,13.0769,34.054,89.5986
171,50.333,0.0926,6.703,17.456,89.5891
172,50.667,0.0926,6.7594,17.603,89.5843
173,51.0,0.0926,6.8161,17.75,89.5794
174,51.333,0.0926,6.8731,17.899,89.5744
175,51.667,0.0926,6.9304,18.048,89.5695
176,52.0,0.0926,6.988,18.198,89.5645
177,52.333,0.0926,7.046,18.349,89.5594
178,52.667,0.0926,7.1042,18.501,89.5543
179,53.0,0.0926,7.1628,18.653,89.5492
180,53.333,0.0926,7.2217,18.807,89.544
181,53.667,0.0926,7.2809,18.961,89.5388
182,54.0,0.0926,7.3404,19.116,89.5335
183,54.333,0.0926,7.4003,19.272,89.5282
184,54.667,0.0926,7.4605,19.428,89.5228
185,55.0,0.0926,7.521,19.586,89.5174
186,55.333,0.0926,7.5818,19.744,89.512
187,55.667,0.0926,7.643,19.904,89.5065
188,56.0,0.0926,7.7045,20.064,89.501
189,56.333,0.0926,7.7663,20.225,89.4954
190,56.667,0.0926,7.8285,20.387,89.4898
191,57.0,0.0926,7.891,20.55,89.4841
192,57.333,0.0926,7.9539,20.713,89.4784
193,57.667,0.0926,8.0171,20.878,89.4727
194,58.0,0.0926,8.0806,21.043,89.4669
195,58.333,0.0926,8.1445,21.21,89.461
196,58.667,0.0926,8.2088,21.377,89.4551
197,59.0,0.0926,8.2734,21.545,89.4492
198,59.333,0.0926,8.3383,21.714,89.4432
199,59.667,0.0926,8.4036,21.884,89.4372
200,60.0,0.0463,6.926,18.037,89.4311
201,60.0,0.0,5.3828,14.018,89.4261
202,60.0,0.0,5.3828,14.018,89.4222
203,60.0,0.0,5.3828,14.018,89.4183
204,60.0,0.0,5.3828,14.018,89.4144
205,60.0,0.0,5.3828,14.018,89.4105
206,60.0,0.0,5.3828,14.018,89.4066
207,60.0,0.0,5.3828,14.018,89.4027
208,60.0,0.0,5.3828,14.018,89.3988
209,60.0,0.0,5.3828,14.018,89.3949
210,60.0,0.0,5.3828,14.018,89.391
211,60.0,0.0,5.3828,14.018,89.3872
212,60.0,0.0,5.3828,14.018,89.3833
213,60.0,0.0,5.3828,14.018,89.3794
214,60.0,0.0,5.3828,14.018,89.3755
215,60.0,0.0,5.3828,14.018,89.3716
216,60.0,0.0,5.3828,14.018,89.3677
217,60.0,0.0,5.3828,14.018,89.3638
218,60.0,0.0,5.3828,14.018,89.3599
219,60.0,0.0,5.3828,14.018,89.356
220,60.0,0.0,5.3828,14.018,89.3521
221,60.0,0.0,5.3828,14.018,89.3482
222,60.0,0.0,5.3828,14.018,89.3443
223,60.0,0.0,5.3828,14.018,89.3404
224,60.0,0.0,5.3828,14.018,89.3365
225,60.0,0.0,5.3828,14.018,89.3326
226,60.0,0.0,5.3828,14.018,89.3287
227,60.0,0.0,5.3828,14.018,89.3248
228,60.0,0.0,5.3828,14.018,89.321
229,60.0,0.0,5.3828,14.018,89.3171
230,60.0,0.0,5.3828,14.018,89.3132
231,60.0,0.0,5.3828,14.018,89.3093
232,60.0,0.0,5.3828,14.018,89.3054
233,60.0,0.0,5.3828,14.018,89.3015
234,60.0,0.0,5.3828,14.018,89.2976
235,60.0,0.0,5.3828,14.018,89.2937
236,60.0,0.0,5.3828,14.018,89.2898
237,60.0,0.0,5.3828,14.018,89.2859
238,60.0,0.0,5.3828,14.018,89.282
239,60.0,0.0,5.3828,14.018,89.2781
240,60.0,-0.2083,-1.1699,-3.047,89.2742
241,58.5,-0.4167,-6.6882,-17.417,89.2751
242,57.0,-0.4167,-6.5758,-17.124,89.2799
243,55.5,-0.4167,-6.4577,-16.817,89.2847
244,54.0,-0.4167,-6.3342,-16.495,89.2893
245,52.5,-0.4167,-6.2054,-16.16,89.2939
246,51.0,-0.4167,-6.0715,-15.811,89.2984
247,49.5,-0.4167,-5.9325,-15.449,89.3028
248,48.0,-0.4167,-5.7887,-15.075,89.3071
249,46.5,-0.4167,-5.6401,-14.688,89.3113
250,45.0,-0.4167,-5.487,-14.289,89.3154
251,43.5,-0.4167,-5.3295,-13.879,89.3193
252,42.0,-0.4167,-5.1677,-13.457,89.3232
253,40.5,-0.4167,-5.0017,-13.025,89.3269
254,39.0,-0.4167,-4.8318,-12.583,89.3305
255,37.5,-0.4167,-4.6581,-12.13,89.334
256,36.0,-0.4167,-4.4806,-11.668,89.3374
257,34.5,-0.4167,-4.2996,-11.197,89.3406
258,33.0,-0.4167,-4.1153,-10.717,89.3438
259,31.5,-0.4167,-3.9277,-10.228,89.3467
260,30.0,-0.625,-6.5495,-17.056,89.3496
261,27.0,-0.8333,-8.4094,-21.899,89.3543
262,24.0,-0.8333,-7.4462,-19.391,89.3604
263,21.0,-0.8333,-6.4735,-16.858,89.3658
264,18.0,-0.8333,-5.4926,-14.304,89.3705
265,15.0,-0.8333,-4.5047,-11.731,89.3744
266,12.0,-0.8333,-3.5108,-9.143,89.3777
267,9.0,-0.8333,-2.5122,-6.542,89.3802
268,6.0,-0.8333,-1.5101,-3.933,89.3821
269,3.0,-0.8333,-0.5057,-1.317,89.3831
270,0.0,-0.4167,0.5,1.302,89.3835
271,0.0,0.0,0.5,1.302,89.3832
272,0.0,0.0,0.5,1.302,89.3828
273,0.0,0.0,0.5,1.302,89.3824
274,0.0,0.0,0.5,1.302,89.3821
275,0.0,0.0,0.5,1.302,89.3817
276,0.0,0.0,0.5,1.302,89.3813
277,0.0,0.0,0.5,1.302,89.381
278,0.0,0.0,0.5,1.302,89.3806
279,0.0,0.0,0.5,1.302,89.3803
280,0.0,0.0,0.5,1.302,89.3799
281,0.0,0.0,0.5,1.302,89.3795
282,0.0,0.0,0.5,1.302,89.3792
283,0.0,0.0,0.5,1.302,89.3788
284,0.0,0.0,0.5,1.302,89.3785
285,0.0,0.2469,0.5,1.302,89.3781
286,1.778,0.4938,1.075,2.799,89.3777
287,3.556,0.4938,1.6502,4.297,89.377
288,5.333,0.4938,2.2261,5.797,89.3758
289,7.111,0.4938,2.8028,7.299,89.3741
290,8.889,0.4938,3.3808,8.804,89.3721
291,10.667,0.4938,3.9603,10.313,89.3697
292,12.444,0.4938,4.5416,11.827,89.3668
293,14.222,0.4938,5.1251,13.346,89.3635
294,16.0,0.4938,5.7109,14.872,89.3598
295,17.778,0.4938,6.2995,16.405,89.3557
296,19.556,0.4938,6.8911,17.946,89.3511
297,21.333,0.4938,7.486,19.495,89.3461
298,23.111,0.4938,8.0846,21.054,89.3407
299,24.889,0.4938,8.6871,22.623,89.3349
300,26.667,0.4938,9.2939,24.203,89.3286
301,28.444,0.4938,9.9052,25.795,89.3219
302,30.222,0.4938,10.5213,27.399,89.3147
303,32.0,0.4938,11.1426,29.017,89.3071
304,33.778,0.4938,11.7694,30.649,89.299
305,35.556,0.4938,12.4019,32.297,89.2905
306,37.333,0.4938,13.0405,33.96,89.2816
307,39.111,0.4938,13.6854,35.639,89.2721
308,40.889,0.4938,14.337,37.336,89.2622
309,42.667,0.4938,14.9955,39.051,89.2518
310,44.444,0.4938,15.6614,40.785,89.241
311,46.222,0.4938,16.3348,42.538,89.2297
312,48.0,0.4938,17.016,44.313,89.2179
313,49.778,0.4938,17.7055,46.108,89.2055
314,51.556,0.4938,18.4034,47.926,89.1927
315,53.333,0.4938,19.1101,49.766,89.1794
316,55.111,0.4938,19.8259,51.63,89.1656
317,56.889,0.4938,20.5511,53.519,89.1513
318,58.667,0.4938,21.286,55.432,89.1364
319,60.444,0.4938,22.0309,57.372,89.121
320,62.222,0.4938,22.7861,59.339,89.1051
321,64.0,0.4938,23.5519,61.333,89.0886
322,65.778,0.4938,24.3286,63.356,89.0715
323,67.556,0.4938,25.1165,65.408,89.0539
324,69.333,0.4938,25.9159,67.489,89.0358
325,71.111,0.4938,26.7271,69.602,89.017
326,72.889,0.4938,27.5505,71.746,88.9977
327,74.667,0.4938,28.3862,73.922,88.9778
328,76.444,0.4938,29.2347,76.132,88.9572
329,78.222,0.4938,30.0962,78.376,88.9361
330,80.0,0.2668,20.8789,54.372,88.9143
331,80.143,0.0397,10.8217,28.181,88.8992
332,80.286,0.0397,10.8566,28.272,88.8914
333,80.429,0.0397,10.8916,28.364,88.8835
334,80.571,0.0397,10.9268,28.455,88.8756
335,80.714,0.0397,10.9619,28.547,88.8677
336,80.857,0.0397,10.9972,28.639,88.8598
337,81.0,0.0397,11.0326,28.731,88.8519
338,81.143,0.0397,11.0681,28.823,88.8439
339,81.286,0.0397,11.1036,28.916,88.8359
340,81.429,0.0397,11.1393,29.009,88.8278
341,81.571,0.0397,11.175,29.102,88.8198
342,81.714,0.0397,11.2108,29.195,88.8117
343,81.857,0.0397,11.2467,29.288,88.8036
344,82.0,0.0397,11.2827,29.382,88.7954
345,82.143,0.0397,11.3188,29.476,88.7873
346,82.286,0.0397,11.355,29.57,88.7791
347,82.429,0.0397,11.3913,29.665,88.7709
348,82.571,0.0397,11.4277,29.76,88.7626
349,82.714,0.0397,11.4641,29.854,88.7544
350,82.857,0.0397,11.5007,29.95,88.7461
351,83.0,0.0397,11.5373,30.045,88.7378
352,83.143,0.0397,11.574,30.141,88.7294
353,83.286,0.0397,11.6108,30.237,88.721
354,83.429,0.0397,11.6478,30.333,88.7126
355,83.571,0.0397,11.6848,30.429,88.7042
356,83.714,0.0397,11.7219,30.526,88.6958
357,83.857,0.0397,11.759,30.622,88.6873
358,84.0,0.0397,11.7963,30.72,88.6788
359,84.143,0.0397,11.8337,30.817,88.6703
360,84.286,0.0397,11.8712,30.914,88.6617
361,84.429,0.0397,11.9087,31.012,88.6531
362,84.571,0.0397,11.9464,31.11,88.6445
363,84.714,0.0397,11.9841,31.209,88.6358
364,84.857,0.0397,12.0219,31.307,88.6272
365,85.0,0.0397,12.0599,31.406,88.6185
366,85.143,0.0397,12.0979,31.505,88.6098
367,85.286,0.0397,12.136,31.604,88.601
368,85.429,0.0397,12.1742,31.704,88.5922
369,85.571,0.0397,12.2125,31.803,88.5834
370,85.714,0.0397,12.2509,31.903,88.5746
371,85.857,0.0397,12.2894,32.004,88.5657
372,86.0,0.0397,12.328,32.104,88.5568
373,86.143,0.0397,12.3667,32.205,88.5479
374,86.286,0.0397,12.4055,32.306,88.539
375,86.429,0.0397,12.4443,32.407,88.53
376,86.571,0.0397,12.4833,32.509,88.521
377,86.714,0.0397,12.5224,32.61,88.512
378,86.857,0.0397,12.5615,32.712,88.5029
379,87.0,0.0397,12.6008,32.815,88.4938
380,87.143,0.0397,12.6401,32.917,88.4847
381,87.286,0.0397,12.6796,33.02,88.4756
382,87.429,0.0397,12.7191,33.123,88.4664
383,87.571,0.0397,12.7588,33.226,88.4572
384,87.714,0.0397,12.7985,33.329,88.448
385,87.857,0.0397,12.8383,33.433,88.4387
386,88.0,0.0397,12.8783,33.537,88.4294
387,88.143,0.0397,12.9183,33.641,88.4201
388,88.286,0.0397,12.9584,33.746,88.4108
389,88.429,0.0397,12.9986,33.851,88.4014
390,88.571,0.0397,13.0389,33.956,88.392
391,88.714,0.0397,13.0793,34.061,88.3825
392,88.857,0.0397,13.1199,34.166,88.3731
393,89.0,0.0397,13.1605,34.272,88.3636
394,89.143,0.0397,13.2012,34.378,88.3541
395,89.286,0.0397,13.242,34.484,88.3445
396,89.429,0.0397,13.2829,34.591,88.3349
397,89.571,0.0397,13.3239,34.698,88.3253
398,89.714,0.0397,13.365,34.805,88.3157
399,89.857,0.0397,13.4062,34.912,88.306
400,90.0,0.0372,13.3235,34.697,88.2963
401,90.125,0.0347,13.2353,34.467,88.2867
402,90.25,0.0347,13.2713,34.561,88.2771
403,90.375,0.0347,13.3073,34.654,88.2675
404,90.5,0.0347,13.3434,34.748,88.2579
405,90.625,0.0347,13.3796,34.843,88.2482
406,90.75,0.0347,13.4158,34.937,88.2386
407,90.875,0.0347,13.4521,35.032,88.2289
408,91.0,0.0347,13.4886,35.126,88.2191
409,91.125,0.0347,13.525,35.221,88.2094
410,91.25,0.0347,13.5616,35.317,88.1996
411,91.375,0.0347,13.5982,35.412,88.1898
412,91.5,0.0347,13.6349,35.508,88.1799
413,91.625,0.0347,13.6717,35.603,88.1701
414,91.75,0.0347,13.7086,35.699,88.1602
415,91.875,0.0347,13.7455,35.796,88.1503
416,92.0,0.0347,13.7826,35.892,88.1403
417,92.125,0.0347,13.8197,35.989,88.1304
418,92.25,0.0347,13.8568,36.086,88.1204
419,92.375,0.0347,13.8941,36.183,88.1103
420,92.5,0.0347,13.9314,36.28,88.1003
421,92.625,0.0347,13.9688,36.377,88.0902
422,92.75,0.0347,14.0063,36.475,88.0801
423,92.875,0.0347,14.0439,36.573,88.07
424,93.0,0.0347,14.0815,36.671,88.0598
425,93.125,0.0347,14.1193,36.769,88.0496
426,93.25,0.0347,14.1571,36.867,88.0394
427,93.375,0.0347,14.1949,36.966,88.0292
428,93.5,0.0347,14.2329,37.065,88.0189
429,93.625,0.0347,14.2709,37.164,88.0086
430,93.75,0.0347,14.309,37.263,87.9983
431,93.875,0.0347,14.3472,37.363,87.9879
432,94.0,0.0347,14.3855,37.462,87.9776
433,94.125,0.0347,14.4239,37.562,87.9671
434,94.25,0.0347,14.4623,37.662,87.9567
435,94.375,0.0347,14.5008,37.763,87.9463
436,94.5,0.0347,14.5394,37.863,87.9358
437,94.625,0.0347,14.5781,37.964,87.9252
438,94.75,0.0347,14.6168,38.065,87.9147
439,94.875,0.0347,14.6557,38.166,87.9041
440,95.0,0.0347,14.6946,38.267,87.8935
441,95.125,0.0347,14.7336,38.369,87.8829
442,95.25,0.0347,14.7726,38.47,87.8722
443,95.375,0.0347,14.8118,38.572,87.8615
444,95.5,0.0347,14.851,38.675,87.8508
445,95.625,0.0347,14.8903,38.777,87.8401
446,95.75,0.0347,14.9297,38.879,87.8293
447,95.875,0.0347,14.9692,38.982,87.8185
448,96.0,0.0347,15.0087,39.085,87.8077
449,96.125,0.0347,15.0484,39.188,87.7968
450,96.25,0.0347,15.0881,39.292,87.786
451,96.375,0.0347,15.1279,39.396,87.775
452,96.5,0.0347,15.1678,39.499,87.7641
453,96.625,0.0347,15.2077,39.603,87.7531
454,96.75,0.0347,15.2478,39.708,87.7421
455,96.875,0.0347,15.2879,39.812,87.7311
456,97.0,0.0347,15.3281,39.917,87.72
457,97.125,0.0347,15.3684,40.022,87.7089
458,97.25,0.0347,15.4087,40.127,87.6978
459,97.375,0.0347,15.4492,40.232,87.6867
460,97.5,0.0347,15.4897,40.338,87.6755
461,97.625,0.0347,15.5303,40.444,87.6643
462,97.75,0.0347,15.571,40.55,87.6531
463,97.875,0.0347,15.6118,40.656,87.6418
464,98.0,0.0347,15.6527,40.762,87.6305
465,98.125,0.0347,15.6936,40.869,87.6192
466,98.25,0.0347,15.7346,40.976,87.6078
467,98.375,0.0347,15.7757,41.083,87.5964
468,98.5,0.0347,15.8169,41.19,87.585
469,98.625,0.0347,15.8582,41.297,87.5736
470,98.75,0.0347,15.8996,41.405,87.5621
471,98.875,0.0347,15.941,41.513,87.5506
472,99.0,0.0347,15.9825,41.621,87.5391
473,99.125,0.0347,16.0241,41.73,87.5275
474,99.25,0.0347,16.0658,41.838,87.5159
475,99.375,0.0347,16.1076,41.947,87.5043
476,99.5,0.0347,16.1495,42.056,87.4927
477,99.625,0.0347,16.1914,42.165,87.481
478,99.75,0.0347,16.2334,42.275,87.4693
479,99.875,0.0347,16.2755,42.384,87.4575
480,100.0,0.0174,15.3532,39.982,87.4458
481,100.0,0.0,14.3887,37.471,87.4346
482,100.0,0.0,14.3887,37.471,87.4242
483,100.0,0.0,14.3887,37.471,87.4138
484,100.0,0.0,14.3887,37.471,87.4034
485,100.0,0.0,14.3887,37.471,87.393
486,100.0,0.0,14.3887,37.471,87.3826
487,100.0,0.0,14.3887,37.471,87.3722
488,100.0,0.0,14.3887,37.471,87.3618
489,100.0,0.0,14.3887,37.471,87.3514
490,100.0,0.0,14.3887,37.471,87.341
491,100.0,0.0,14.3887,37.471,87.3306
492,100.0,0.0,14.3887,37.471,87.3202
493,100.0,0.0,14.3887,37.471,87.3097
494,100.0,0.0,14.3887,37.471,87.2993
495,100.0,0.0,14.3887,37.471,87.2889
496,100.0,0.0,14.3887,37.471,87.2785
497,100.0,0.0,14.3887,37.471,87.2681
498,100.0,0.0,14.3887,37.471,87.2577
499,100.0,0.0,14.3887,37.471,87.2473
500,100.0,0.0,14.3887,37.471,87.2369
501,100.0,0.0,14.3887,37.471,87.2265
502,100.0,0.0,14.3887,37.471,87.2161
503,100.0,0.0,14.3887,37.471,87.2057
504,100.0,0.0,14.3887,37.471,87.1953
505,100.0,0.0,14.3887,37.471,87.1848
506,100.0,0.0,14.3887,37.471,87.1744
507,100.0,0.0,14.3887,37.471,87.164
508,100.0,0.0,14.3887,37.471,87.1536
509,100.0,0.0,14.3887,37.471,87.1432
510,100.0,0.0,14.3887,37.471,87.1328
511,100.0,0.0,14.3887,37.471,87.1224
512,100.0,0.0,14.3887,37.471,87.112
513,100.0,0.0,14.3887,37.471,87.1016
514,100.0,0.0,14.3887,37.471,87.0912
515,100.0,0.0,14.3887,37.471,87.0808
516,100.0,0.0,14.3887,37.471,87.0704
517,100.0,0.0,14.3887,37.471,87.0599
518,100.0,0.0,14.3887,37.471,87.0495
519,100.0,0.0,14.3887,37.471,87.0391
520,100.0,0.0,14.3887,37.471,87.0287
521,100.0,0.0,14.3887,37.471,87.0183
522,100.0,0.0,14.3887,37.471,87.0079
523,100.0,0.0,14.3887,37.471,86.9975
524,100.0,0.0,14.3887,37.471,86.9871
525,100.0,0.0,14.3887,37.471,86.9767
526,100.0,0.0,14.3887,37.471,86.9663
527,100.0,0.0,14.3887,37.471,86.9559
528,100.0,0.0,14.3887,37.471,86.9454
529,100.0,0.0,14.3887,37.471,86.935
530,100.0,0.0,14.3887,37.471,86.9246
531,100.0,0.0,14.3887,37.471,86.9142
532,100.0,0.0,14.3887,37.471,86.9038
533,100.0,0.0,14.3887,37.471,86.8934
534,100.0,0.0,14.3887,37.471,86.883
535,100.0,0.0,14.3887,37.471,86.8726
536,100.0,0.0,14.3887,37.471,86.8622
537,100.0,0.0,14.3887,37.471,86.8518
538,100.0,0.0,14.3887,37.471,86.8414
539,100.0,0.0,14.3887,37.471,86.831
540,100.0,0.0,14.3887,37.471,86.8205
541,100.0,0.0,14.3887,37.471,86.8101
542,100.0,0.0,14.3887,37.471,86.7997
543,100.0,0.0,14.3887,37.471,86.7893
544,100.0,0.0,14.3887,37.471,86.7789
545,100.0,0.0,14.3887,37.471,86.7685
546,100.0,0.0,14.3887,37.471,86.7581
547,100.0,0.0,14.3887,37.471,86.7477
548,100.0,0.0,14.3887,37.471,86.7373
549,100.0,0.0,14.3887,37.471,86.7269
550,100.0,0.0,14.3887,37.471,86.7165
551,100.0,0.0,14.3887,37.471,86.7061
552,100.0,0.0,14.3887,37.471,86.6956
553,100.0,0.0,14.3887,37.471,86.6852
554,100.0,0.0,14.3887,37.471,86.6748
555,100.0,0.0,14.3887,37.471,86.6644
556,100.0,0.0,14.3887,37.471,86.654
557,100.0,0.0,14.3887,37.471,86.6436
558,100.0,0.0,14.3887,37.471,86.6332
559,100.0,0.0,14.3887,37.471,86.6228
560,100.0,-0.0694,10.5307,27.424,86.6124
561,99.5,-0.1389,6.5526,17.064,86.6048
562,99.0,-0.1389,6.4339,16.755,86.6
563,98.5,-0.1389,6.3165,16.449,86.5954
564,98.0,-0.1389,6.2005,16.147,86.5908
565,97.5,-0.1389,6.0858,15.848,86.5863
566,97.0,-0.1389,5.9724,15.553,86.5819
567,96.5,-0.1389,5.8603,15.261,86.5776
568,96.0,-0.1389,5.7495,14.973,86.5733
569,95.5,-0.1389,5.64,14.687,86.5692
570,95.0,-0.1389,5.5318,14.406,86.5651
571,94.5,-0.1389,5.4248,14.127,86.5611
572,94.0,-0.1389,5.3192,13.852,86.5572
573,93.5,-0.1389,5.2148,13.58,86.5533
574,93.0,-0.1389,5.1116,13.312,86.5496
575,92.5,-0.1389,5.0097,13.046,86.5459
576,92.0,-0.1389,4.9091,12.784,86.5422
577,91.5,-0.1389,4.8097,12.525,86.5387
578,91.0,-0.1389,4.7115,12.27,86.5352
579,90.5,-0.1389,4.6146,12.017,86.5318
580,90.0,-0.1389,4.5189,11.768,86.5285
581,89.5,-0.1389,4.4244,11.522,86.5252
582,89.0,-0.1389,4.3311,11.279,86.522
583,88.5,-0.1389,4.239,11.039,86.5189
584,88.0,-0.1389,4.1481,10.802,86.5158
585,87.5,-0.1389,4.0584,10.569,86.5128
586,87.0,-0.1389,3.9698,10.338,86.5099
587,86.5,-0.1389,3.8825,10.111,86.507
588,86.0,-0.1389,3.7963,9.886,86.5042
589,85.5,-0.1389,3.7112,9.665,86.5014
590,85.0,-0.1389,3.6273,9.446,86.4987
591,84.5,-0.1389,3.5446,9.231,86.4961
592,84.0,-0.1389,3.463,9.018,86.4936
593,83.5,-0.1389,3.3825,8.809,86.4911
594,83.0,-0.1389,3.3032,8.602,86.4886
595,82.5,-0.1389,3.2249,8.398,86.4862
596,82.0,-0.1389,3.1478,8.197,86.4839
597,81.5,-0.1389,3.0718,8.0,86.4816
598,81.0,-0.1389,2.9969,7.804,86.4794
599,80.5,-0.1389,2.9231,7.612,86.4772
600,80.0,-0.1389,2.8503,7.423,86.4751
601,79.5,-0.1389,2.7787,7.236,86.473
602,79.0,-0.1389,2.7081,7.052,86.471
603,78.5,-0.1389,2.6386,6.871,86.4691
604,78.0,-0.1389,2.5701,6.693,86.4672
605,77.5,-0.1389,2.5027,6.517,86.4653
606,77.0,-0.1389,2.4363,6.345,86.4635
607,76.5,-0.1389,2.371,6.174,86.4617
608,76.0,-0.1389,2.3067,6.007,86.46
609,75.5,-0.1389,2.2434,5.842,86.4584
610,75.0,-0.1389,2.1812,5.68,86.4567
611,74.5,-0.1389,2.1199,5.521,86.4551
612,74.0,-0.1389,2.0597,5.364,86.4536
613,73.5,-0.1389,2.0004,5.209,86.4521
614,73.0,-0.1389,1.9422,5.058,86.4507
615,72.5,-0.1389,1.8849,4.909,86.4493
616,72.0,-0.1389,1.8286,4.762,86.4479
617,71.5,-0.1389,1.7733,4.618,86.4466
618,71.0,-0.1389,1.7189,4.476,86.4453
619,70.5,-0.1389,1.6655,4.337,86.4441
620,70.0,0.0,7.0143,18.266,86.4429
621,70.5,0.1389,12.5452,32.67,86.4378
622,71.0,0.1389,12.6757,33.01,86.4287
623,71.5,0.1389,12.8072,33.352,86.4195
624,72.0,0.1389,12.9397,33.697,86.4103
625,72.5,0.1389,13.0732,34.045,86.4009
626,73.0,0.1389,13.2076,34.395,86.3915
627,73.5,0.1389,13.343,34.747,86.3819
628,74.0,0.1389,13.4794,35.103,86.3723
629,74.5,0.1389,13.6168,35.461,86.3625
630,75.0,0.1389,13.7552,35.821,86.3526
631,75.5,0.1389,13.8947,36.184,86.3427
632,76.0,0.1389,14.0351,36.55,86.3326
633,76.5,0.1389,14.1766,36.918,86.3225
634,77.0,0.1389,14.319,37.289,86.3122
635,77.5,0.1389,14.4626,37.663,86.3019
636,78.0,0.1389,14.6071,38.039,86.2914
637,78.5,0.1389,14.7528,38.419,86.2809
638,79.0,0.1389,14.8995,38.801,86.2702
639,79.5,0.1389,15.0472,39.185,86.2594
640,80.0,0.1389,15.196,39.573,86.2485
641,80.5,0.1389,15.3459,39.963,86.2375
642,81.0,0.1389,15.4969,40.357,86.2264
643,81.5,0.1389,15.649,40.753,86.2152
644,82.0,0.1389,15.8021,41.151,86.2039
645,82.5,0.1389,15.9564,41.553,86.1925
646,83.0,0.1389,16.1118,41.958,86.1809
647,83.5,0.1389,16.2683,42.365,86.1693
648,84.0,0.1389,16.4259,42.776,86.1575
649,84.5,0.1389,16.5847,43.189,86.1456
650,85.0,0.1389,16.7446,43.606,86.1336
651,85.5,0.1389,16.9057,44.025,86.1215
652,86.0,0.1389,17.0679,44.448,86.1093
653,86.5,0.1389,17.2312,44.873,86.0969
654,87.0,0.1389,17.3958,45.301,86.0845
655,87.5,0.1389,17.5615,45.733,86.0719
656,88.0,0.1389,17.7283,46.168,86.0592
657,88.5,0.1389,17.8964,46.605,86.0464
658,89.0,0.1389,18.0657,47.046,86.0334
659,89.5,0.1389,18.2361,47.49,86.0203
660,90.0,0.1042,16.6717,43.416,86.0071
661,90.25,0.0694,15.0122,39.094,85.9951
662,90.5,0.0694,15.0891,39.295,85.9842
663,90.75,0.0694,15.1664,39.496,85.9733
664,91.0,0.0694,15.244,39.698,85.9623
665,91.25,0.0694,15.3218,39.901,85.9513
666,91.5,0.0694,15.4,40.104,85.9402
667,91.75,0.0694,15.4785,40.309,85.9291
668,92.0,0.0694,15.5573,40.514,85.9179
669,92.25,0.0694,15.6364,40.72,85.9066
670,92.5,0.0694,15.7158,40.926,85.8953
671,92.75,0.0694,15.7955,41.134,85.884
672,93.0,0.0694,15.8755,41.342,85.8725
673,93.25,0.0694,15.9559,41.552,85.8611
674,93.5,0.0694,16.0365,41.762,85.8495
675,93.75,0.0694,16.1175,41.973,85.8379
676,94.0,0.0694,16.1988,42.184,85.8263
677,94.25,0.0694,16.2804,42.397,85.8145
678,94.5,0.0694,16.3623,42.61,85.8028
679,94.75,0.0694,16.4446,42.824,85.7909
680,95.0,0.0694,16.5271,43.039,85.779
681,95.25,0.0694,16.61,43.255,85.7671
682,95.5,0.0694,16.6932,43.472,85.7551
683,95.75,0.0694,16.7767,43.689,85.743
684,96.0,0.0694,16.8606,43.908,85.7308
685,96.25,0.0694,16.9448,44.127,85.7186
686,96.5,0.0694,17.0293,44.347,85.7064
687,96.75,0.0694,17.1141,44.568,85.6941
688,97.0,0.0694,17.1992,44.79,85.6817
689,97.25,0.0694,17.2847,45.012,85.6692
690,97.5,0.0694,17.3705,45.236,85.6567
691,97.75,0.0694,17.4566,45.46,85.6442
692,98.0,0.0694,17.5431,45.685,85.6316
693,98.25,0.0694,17.6299,45.911,85.6189
694,98.5,0.0694,17.717,46.138,85.6061
695,98.75,0.0694,17.8045,46.366,85.5933
696,99.0,0.0694,17.8922,46.594,85.5804
697,99.25,0.0694,17.9804,46.824,85.5675
698,99.5,0.0694,18.0688,47.054,85.5545
699,99.75,0.0694,18.1576,47.285,85.5414
700,100.0,0.0694,18.2467,47.518,85.5283
701,100.25,0.0694,18.3362,47.751,85.5151
702,100.5,0.0694,18.426,47.984,85.5018
703,100.75,0.0694,18.5161,48.219,85.4885
704,101.0,0.0694,18.6066,48.455,85.4751
705,101.25,0.0694,18.6974,48.691,85.4616
706,101.5,0.0694,18.7886,48.929,85.4481
707,101.75,0.0694,18.8801,49.167,85.4345
708,102.0,0.0694,18.9719,49.406,85.4208
709,102.25,0.0694,19.0641,49.646,85.4071
710,102.5,0.0694,19.1567,49.887,85.3933
711,102.75,0.0694,19.2495,50.129,85.3795
712,103.0,0.0694,19.3428,50.372,85.3655
713,103.25,0.0694,19.4363,50.615,85.3515
714,103.5,0.0694,19.5303,50.86,85.3375
715,103.75,0.0694,19.6245,51.106,85.3234
716,104.0,0.0694,19.7191,51.352,85.3092
717,104.25,0.0694,19.8141,51.599,85.2949
718,104.5,0.0694,19.9094,51.847,85.2806
719,104.75,0.0694,20.0051,52.097,85.2662
720,105.0,0.0694,20.1011,52.347,85.2517
721,105.25,0.0694,20.1975,52.598,85.2372
722,105.5,0.0694,20.2942,52.85,85.2225
723,105.75,0.0694,20.3913,53.102,85.2079
724,106.0,0.0694,20.4888,53.356,85.1931
725,106.25,0.0694,20.5866,53.611,85.1783
726,106.5,0.0694,20.6847,53.866,85.1634
727,106.75,0.0694,20.7833,54.123,85.1484
728,107.0,0.0694,20.8821,54.381,85.1334
729,107.25,0.0694,20.9814,54.639,85.1183
730,107.5,0.0694,21.081,54.898,85.1031
731,107.75,0.0694,21.1809,55.159,85.0879
732,108.0,0.0694,21.2813,55.42,85.0725
733,108.25,0.0694,21.3819,55.682,85.0572
734,108.5,0.0694,21.483,55.945,85.0417
735,108.75,0.0694,21.5844,56.209,85.0261
736,109.0,0.0694,21.6862,56.475,85.0105
737,109.25,0.0694,21.7884,56.741,84.9948
738,109.5,0.0694,21.8909,57.008,84.9791
739,109.75,0.0694,21.9938,57.275,84.9632
740,110.0,0.0521,21.0361,54.781,84.9473
741,110.125,0.0347,20.0245,52.147,84.9321
742,110.25,0.0347,20.0739,52.276,84.9176
743,110.375,0.0347,20.1235,52.405,84.9031
744,110.5,0.0347,20.1731,52.534,84.8886
745,110.625,0.0347,20.2228,52.664,84.874
746,110.75,0.0347,20.2727,52.793,84.8593
747,110.875,0.0347,20.3226,52.923,84.8447
748,111.0,0.0347,20.3726,53.054,84.83
749,111.125,0.0347,20.4227,53.184,84.8152
750,111.25,0.0347,20.4729,53.315,84.8005
751,111.375,0.0347,20.5232,53.446,84.7856
752,111.5,0.0347,20.5736,53.577,84.7708
753,111.625,0.0347,20.624,53.708,84.7559
754,111.75,0.0347,20.6746,53.84,84.741
755,111.875,0.0347,20.7253,53.972,84.726
756,112.0,0.0347,20.776,54.104,84.7111
757,112.125,0.0347,20.8269,54.237,84.696
758,112.25,0.0347,20.8778,54.369,84.681
759,112.375,0.0347,20.9289,54.502,84.6659
760,112.5,0.0347,20.98,54.635,84.6507
761,112.625,0.0347,21.0313,54.769,84.6355
762,112.75,0.0347,21.0826,54.903,84.6203
763,112.875,0.0347,21.134,55.036,84.6051
764,113.0,0.0347,21.1855,55.171,84.5898
765,113.125,0.0347,21.2371,55.305,84.5745
766,113.25,0.0347,21.2889,55.44,84.5591
767,113.375,0.0347,21.3407,55.575,84.5437
768,113.5,0.0347,21.3926,55.71,84.5283
769,113.625,0.0347,21.4446,55.845,84.5128
770,113.75,0.0347,21.4966,55.981,84.4973
771,113.875,0.0347,21.5488,56.117,84.4817
772,114.0,0.0347,21.6011,56.253,84.4661
773,114.125,0.0347,21.6535,56.389,84.4505
774,114.25,0.0347,21.706,56.526,84.4348
775,114.375,0.0347,21.7585,56.663,84.4191
776,114.5,0.0347,21.8112,56.8,84.4034
777,114.625,0.0347,21.864,56.937,84.3876
778,114.75,0.0347,21.9168,57.075,84.3718
779,114.875,0.0347,21.9698,57.213,84.356
780,115.0,0.0347,22.0228,57.351,84.3401
781,115.125,0.0347,22.076,57.49,84.3241
782,115.25,0.0347,22.1292,57.628,84.3082
783,115.375,0.0347,22.1826,57.767,84.2922
784,115.5,0.0347,22.236,57.906,84.2761
785,115.625,0.0347,22.2896,58.046,84.26
786,115.75,0.0347,22.3432,58.185,84.2439
787,115.875,0.0347,22.3969,58.325,84.2277
788,116.0,0.0347,22.4508,58.466,84.2115
789,116.125,0.0347,22.5047,58.606,84.1953
790,116.25,0.0347,22.5587,58.747,84.179
791,116.375,0.0347,22.6128,58.888,84.1627
792,116.5,0.0347,22.6671,59.029,84.1463
793,116.625,0.0347,22.7214,59.17,84.1299
794,116.75,0.0347,22.7758,59.312,84.1135
795,116.875,0.0347,22.8303,59.454,84.097
796,117.0,0.0347,22.8849,59.596,84.0805
797,117.125,0.0347,22.9397,59.739,84.064
798,117.25,0.0347,22.9945,59.881,84.0474
799,117.375,0.0347,23.0494,60.024,84.0307
800,117.5,0.0347,23.1044,60.168,84.0141
801,117.625,0.0347,23.1595,60.311,83.9973
802,117.75,0.0347,23.2147,60.455,83.9806
803,117.875,0.0347,23.27,60.599,83.9638
804,118.0,0.0347,23.3254,60.743,83.947
805,118.125,0.0347,23.3809,60.888,83.9301
806,118.25,0.0347,23.4366,61.033,83.9132
807,118.375,0.0347,23.4923,61.178,83.8962
808,118.5,0.0347,23.5481,61.323,83.8792
809,118.625,0.0347,23.604,61.469,83.8622
810,118.75,0.0347,23.66,61.615,83.8451
811,118.875,0.0347,23.7161,61.761,83.828
812,119.0,0.0347,23.7723,61.907,83.8109
813,119.125,0.0347,23.8286,62.054,83.7937
814,119.25,0.0347,23.885,62.201,83.7764
815,119.375,0.0347,23.9415,62.348,83.7591
816,119.5,0.0347,23.9981,62.495,83.7418
817,119.625,0.0347,24.0548,62.643,83.7245
818,119.75,0.0347,24.1116,62.791,83.7071
819,119.875,0.0347,24.1685,62.939,83.6896
820,120.0,0.0174,23.0681,60.073,83.6721
821,120.0,0.0,21.9107,57.059,83.6555
822,120.0,0.0,21.9107,57.059,83.6396
823,120.0,0.0,21.9107,57.059,83.6238
824,120.0,0.0,21.9107,57.059,83.6079
825,120.0,0.0,21.9107,57.059,83.5921
826,120.0,0.0,21.9107,57.059,83.5762
827,120.0,0.0,21.9107,57.059,83.5604
828,120.0,0.0,21.9107,57.059,83.5445
829,120.0,0.0,21.9107,57.059,83.5287
830,120.0,0.0,21.9107,57.059,83.5128
831,120.0,0.0,21.9107,57.059,83.497
832,120.0,0.0,21.9107,57.059,83.4811
833,120.0,0.0,21.9107,57.059,83.4653
834,120.0,0.0,21.9107,57.059,83.4494
835,120.0,0.0,21.9107,57.059,83.4336
836,120.0,0.0,21.9107,57.059,83.4177
837,120.0,0.0,21.9107,57.059,83.4019
838,120.0,0.0,21.9107,57.059,83.386
839,120.0,0.0,21.9107,57.059,83.3702
840,120.0,0.0,21.9107,57.059,83.3543
841,120.0,0.0,21.9107,57.059,83.3385
842,120.0,0.0,21.9107,57.059,83.3226
843,120.0,0.0,21.9107,57.059,83.3068
844,120.0,0.0,21.9107,57.059,83.2909
845,120.0,0.0,21.9107,57.059,83.2751
846,120.0,0.0,21.9107,57.059,83.2592
847,120.0,0.0,21.9107,57.059,83.2434
848,120.0,0.0,21.9107,57.059,83.2275
849,120.0,0.0,21.9107,57.059,83.2117
850,120.0,0.0,21.9107,57.059,83.1958
851,120.0,0.0,21.9107,57.059,83.18
852,120.0,0.0,21.9107,57.059,83.1641
853,120.0,0.0,21.9107,57.059,83.1483
854,120.0,0.0,21.9107,57.059,83.1324
855,120.0,0.0,21.9107,57.059,83.1166
856,120.0,0.0,21.9107,57.059,83.1007
857,120.0,0.0,21.9107,57.059,83.0849
858,120.0,0.0,21.9107,57.059,83.069
859,120.0,0.0,21.9107,57.059,83.0532
860,120.0,0.0,21.9107,57.059,83.0373
861,120.0,0.0,21.9107,57.059,83.0215
862,120.0,0.0,21.9107,57.059,83.0056
863,120.0,0.0,21.9107,57.059,82.9898
864,120.0,0.0,21.9107,57.059,82.9739
865,120.0,0.0,21.9107,57.059,82.9581
866,120.0,0.0,21.9107,57.059,82.9422
867,120.0,0.0,21.9107,57.059,82.9264
868,120.0,0.0,21.9107,57.059,82.9105
869,120.0,0.0,21.9107,57.059,82.8947
870,120.0,0.0,21.9107,57.059,82.8788
871,120.0,0.0,21.9107,57.059,82.863
872,120.0,0.0,21.9107,57.059,82.8471
873,120.0,0.0,21.9107,57.059,82.8313
874,120.0,0.0,21.9107,57.059,82.8154
875,120.0,0.0,21.9107,57.059,82.7996
876,120.0,0.0,21.9107,57.059,82.7837
877,120.0,0.0,21.9107,57.059,82.7679
878,120.0,0.0,21.9107,57.059,82.752
879,120.0,0.0,21.9107,57.059,82.7362
880,120.0,0.0,21.9107,57.059,82.7203
881,120.0,0.0,21.9107,57.059,82.7045
882,120.0,0.0,21.9107,57.059,82.6886
883,120.0,0.0,21.9107,57.059,82.6728
884,120.0,0.0,21.9107,57.059,82.6569
885,120.0,0.0,21.9107,57.059,82.6411
886,120.0,0.0,21.9107,57.059,82.6252
887,120.0,0.0,21.9107,57.059,82.6094
888,120.0,0.0,21.9107,57.059,82.5935
889,120.0,0.0,21.9107,57.059,82.5777
890,120.0,0.0,21.9107,57.059,82.5618
891,120.0,0.0,21.9107,57.059,82.546
892,120.0,0.0,21.9107,57.059,82.5301
893,120.0,0.0,21.9107,57.059,82.5143
894,120.0,0.0,21.9107,57.059,82.4984
895,120.0,0.0,21.9107,57.059,82.4826
896,120.0,0.0,21.9107,57.059,82.4667
897,120.0,0.0,21.9107,57.059,82.4509
898,120.0,0.0,21.9107,57.059,82.435
899,120.0,0.0,21.9107,57.059,82.4192
900,120.0,-0.0926,15.7379,40.984,82.4033
901,119.333,-0.1852,9.3436,24.332,82.3919
902,118.667,-0.1852,9.125,23.763,82.3852
903,118.0,-0.1852,8.9093,23.201,82.3786
904,117.333,-0.1852,8.6964,22.647,82.3721
905,116.667,-0.1852,8.4863,22.1,82.3658
906,116.0,-0.1852,8.279,21.56,82.3597
907,115.333,-0.1852,8.0744,21.027,82.3537
908,114.667,-0.1852,7.8727,20.502,82.3479
909,114.0,-0.1852,7.6736,19.983,82.3422
910,113.333,-0.1852,7.4774,19.472,82.3366
911,112.667,-0.1852,7.2838,18.968,82.3312
912,112.0,-0.1852,7.0929,18.471,82.3259
913,111.333,-0.1852,6.9047,17.981,82.3208
914,110.667,-0.1852,6.7192,17.498,82.3158
915,110.0,-0.1852,6.5363,17.022,82.311
916,109.333,-0.1852,6.3561,16.552,82.3062
917,108.667,-0.1852,6.1785,16.09,82.3016
918,108.0,-0.1852,6.0035,15.634,82.2972
919,107.333,-0.1852,5.8311,15.185,82.2928
920,106.667,-0.1852,5.6612,14.743,82.2886
921,106.0,-0.1852,5.4939,14.307,82.2845
922,105.333,-0.1852,5.3292,13.878,82.2805
923,104.667,-0.1852,5.1669,13.456,82.2767
924,104.0,-0.1852,5.0072,13.04,82.2729
925,103.333,-0.1852,4.85,12.63,82.2693
926,102.667,-0.1852,4.6952,12.227,82.2658
927,102.0,-0.1852,4.5429,11.831,82.2624
928,101.333,-0.1852,4.3931,11.44,82.2591
929,100.667,-0.1852,4.2457,11.056,82.256
930,100.0,-0.1852,4.1006,10.679,82.2529
931,99.333,-0.1852,3.958,10.307,82.2499
932,98.667,-0.1852,3.8178,9.942,82.2471
933,98.0,-0.1852,3.6799,9.583,82.2443
934,97.333,-0.1852,3.5444,9.23,82.2416
935,96.667,-0.1852,3.4112,8.883,82.2391
936,96.0,-0.1852,3.2803,8.543,82.2366
937,95.333,-0.1852,3.1518,8.208,82.2342
938,94.667,-0.1852,3.0255,7.879,82.2319
939,94.0,-0.1852,2.9015,7.556,82.2298
940,93.333,-0.1852,2.7797,7.239,82.2277
941,92.667,-0.1852,2.6602,6.928,82.2256
942,92.0,-0.1852,2.5429,6.622,82.2237
943,91.333,-0.1852,2.4277,6.322,82.2219
944,90.667,-0.1852,2.3148,6.028,82.2201
945,90.0,-0.1852,2.2041,5.74,82.2185
946,89.333,-0.1852,2.0955,5.457,82.2169
947,88.667,-0.1852,1.989,5.18,82.2153
948,88.0,-0.1852,1.8847,4.908,82.2139
949,87.333,-0.1852,1.7825,4.642,82.2125
950,86.667,-0.1852,1.6824,4.381,82.2113
951,86.0,-0.1852,1.5843,4.126,82.21
952,85.333,-0.1852,1.4883,3.876,82.2089
953,84.667,-0.1852,1.3944,3.631,82.2078
954,84.0,-0.1852,1.3025,3.392,82.2068
955,83.333,-0.1852,1.2126,3.158,82.2059
956,82.667,-0.1852,1.1247,2.929,82.205
957,82.0,-0.1852,1.0388,2.705,82.2042
958,81.333,-0.1852,0.9548,2.486,82.2034
959,80.667,-0.1852,0.8728,2.273,82.2027
960,80.0,-0.2315,-0.9296,-2.421,82.2021
961,79.0,-0.2778,-2.6489,-6.898,82.2028
962,78.0,-0.2778,-2.6982,-7.027,82.2047
963,77.0,-0.2778,-2.7441,-7.146,82.2066
964,76.0,-0.2778,-2.7866,-7.257,82.2086
965,75.0,-0.2778,-2.8258,-7.359,82.2106
966,74.0,-0.2778,-2.8617,-7.452,82.2127
967,73.0,-0.2778,-2.8943,-7.537,82.2148
968,72.0,-0.2778,-2.9238,-7.614,82.2168
969,71.0,-0.2778,-2.9502,-7.683,82.219
970,70.0,-0.2778,-2.9734,-7.743,82.2211
971,69.0,-0.2778,-2.9936,-7.796,82.2232
972,68.0,-0.2778,-3.0108,-7.841,82.2254
973,67.0,-0.2778,-3.025,-7.878,82.2276
974,66.0,-0.2778,-3.0362,-7.907,82.2298
975,65.0,-0.2778,-3.0446,-7.929,82.232
976,64.0,-0.2778,-3.0502,-7.943,82.2342
977,63.0,-0.2778,-3.053,-7.95,82.2364
978,62.0,-0.2778,-3.053,-7.95,82.2386
979,61.0,-0.2778,-3.0503,-7.943,82.2408
980,60.0,-0.2778,-3.0449,-7.929,82.243
981,59.0,-0.2778,-3.0369,-7.909,82.2452
982,58.0,-0.2778,-3.0264,-7.881,82.2474
983,57.0,-0.2778,-3.0133,-7.847,82.2496
984,56.0,-0.2778,-2.9977,-7.806,82.2518
985,55.0,-0.2778,-2.9797,-7.76,82.2539
986,54.0,-0.2778,-2.9592,-7.706,82.2561
987,53.0,-0.2778,-2.9365,-7.647,82.2582
988,52.0,-0.2778,-2.9114,-7.582,82.2604
989,51.0,-0.2778,-2.884,-7.51,82.2625
990,50.0,-0.2778,-2.8544,-7.433,82.2646
991,49.0,-0.2778,-2.8226,-7.351,82.2666
992,48.0,-0.2778,-2.7887,-7.262,82.2687
993,47.0,-0.2778,-2.7527,-7.168,82.2707
994,46.0,-0.2778,-2.7146,-7.069,82.2727
995,45.0,-0.2778,-2.6745,-6.965,82.2746
996,44.0,-0.2778,-2.6325,-6.855,82.2766
997,43.0,-0.2778,-2.5885,-6.741,82.2785
998,42.0,-0.2778,-2.5427,-6.622,82.2803
999,41.0,-0.2778,-2.495,-6.497,82.2822
1000,40.0,-0.2778,-2.4455,-6.369,82.284
1001,39.0,-0.2778,-2.3943,-6.235,82.2858
1002,38.0,-0.2778,-2.3414,-6.097,82.2875
1003,37.0,-0.2778,-2.2868,-5.955,82.2892
1004,36.0,-0.2778,-2.2306,-5.809,82.2908
1005,35.0,-0.2778,-2.1729,-5.658,82.2925
1006,34.0,-0.2778,-2.1136,-5.504,82.294
1007,33.0,-0.2778,-2.0528,-5.346,82.2956
1008,32.0,-0.2778,-1.9906,-5.184,82.297
1009,31.0,-0.2778,-1.927,-5.018,82.2985
1010,30.0,-0.2431,-1.3932,-3.628,82.2999
1011,29.25,-0.2083,-0.8983,-2.339,82.3009
1012,28.5,-0.2083,-0.8715,-2.269,82.3015
1013,27.75,-0.2083,-0.8439,-2.198,82.3022
1014,27.0,-0.2083,-0.8156,-2.124,82.3028
1015,26.25,-0.2083,-0.7867,-2.049,82.3034
1016,25.5,-0.2083,-0.7572,-1.972,82.3039
1017,24.75,-0.2083,-0.727,-1.893,82.3045
1018,24.0,-0.2083,-0.6962,-1.813,82.305
1019,23.25,-0.2083,-0.6648,-1.731,82.3055
1020,22.5,-0.2083,-0.6328,-1.648,82.306
1021,21.75,-0.2083,-0.6003,-1.563,82.3064
1022,21.0,-0.2083,-0.5673,-1.477,82.3069
1023,20.25,-0.2083,-0.5337,-1.39,82.3073
1024,19.5,-0.2083,-0.4997,-1.301,82.3077
1025,18.75,-0.2083,-0.4651,-1.211,82.308
1026,18.0,-0.2083,-0.4301,-1.12,82.3084
1027,17.25,-0.2083,-0.3947,-1.028,82.3087
1028,16.5,-0.2083,-0.3589,-0.935,82.309
1029,15.75,-0.2083,-0.3226,-0.84,82.3092
1030,15.0,-0.2083,-0.2859,-0.745,82.3095
1031,14.25,-0.2083,-0.2489,-0.648,82.3097
1032,13.5,-0.2083,-0.2115,-0.551,82.3098
1033,12.75,-0.2083,-0.1738,-0.453,82.31
1034,12.0,-0.2083,-0.1358,-0.354,82.3101
1035,11.25,-0.2083,-0.0975,-0.254,82.3102
1036,10.5,-0.2083,-0.0589,-0.153,82.3103
1037,9.75,-0.2083,-0.0201,-0.052,82.3103
1038,9.0,-0.2083,0.019,0.05,82.3104
1039,8.25,-0.2083,0.0583,0.152,82.3103
1040,7.5,-0.2083,0.0978,0.255,82.3103
1041,6.75,-0.2083,0.1375,0.358,82.3102
1042,6.0,-0.2083,0.1774,0.462,82.3101
1043,5.25,-0.2083,0.2174,0.566,82.31
1044,4.5,-0.2083,0.2575,0.671,82.3098
1045,3.75,-0.2083,0.2978,0.775,82.3097
1046,3.0,-0.2083,0.3381,0.88,82.3094
1047,2.25,-0.2083,0.3785,0.986,82.3092
1048,1.5,-0.2083,0.419,1.091,82.3089
1049,0.75,-0.2083,0.4595,1.197,82.3086
1050,0.0,-0.1042,0.5,1.302,82.3083
1051,0.0,0.0,0.5,1.302,82.3079
1052,0.0,0.0,0.5,1.302,82.3076
1053,0.0,0.0,0.5,1.302,82.3072
1054,0.0,0.0,0.5,1.302,82.3068
1055,0.0,0.0,0.5,1.302,82.3065
1056,0.0,0.0,0.5,1.302,82.3061
1057,0.0,0.0,0.5,1.302,82.3058
1058,0.0,0.0,0.5,1.302,82.3054
1059,0.0,0.0,0.5,1.302,82.305
1060,0.0,0.0,0.5,1.302,82.3047
1061,0.0,0.0,0.5,1.302,82.3043
1062,0.0,0.0,0.5,1.302,82.3039
1063,0.0,0.0,0.5,1.302,82.3036
1064,0.0,0.0,0.5,1.302,82.3032
1065,0.0,0.0,0.5,1.302,82.3029
1066,0.0,0.0,0.5,1.302,82.3025
1067,0.0,0.0,0.5,1.302,82.3021
1068,0.0,0.0,0.5,1.302,82.3018
1069,0.0,0.0,0.5,1.302,82.3014
1070,0.0,0.0,0.5,1.302,82.3011
1071,0.0,0.0,0.5,1.302,82.3007
1072,0.0,0.0,0.5,1.302,82.3003
1073,0.0,0.0,0.5,1.302,82.3
1074,0.0,0.0,0.5,1.302,82.2996
1075,0.0,0.0,0.5,1.302,82.2992
1076,0.0,0.0,0.5,1.302,82.2989
1077,0.0,0.0,0.5,1.302,82.2985
1078,0.0,0.0,0.5,1.302,82.2982
1079,0.0,0.0,0.5,1.302,82.2978
1080,0.0,0.1852,0.5,1.302,82.2974
1081,1.333,0.3704,0.8397,2.187,82.2971
1082,2.667,0.3704,1.1796,3.072,82.2965
1083,4.0,0.3704,1.5198,3.958,82.2956
1084,5.333,0.3704,1.8603,4.844,82.2945
1085,6.667,0.3704,2.2013,5.733,82.2932
1086,8.0,0.3704,2.543,6.622,82.2916
1087,9.333,0.3704,2.8854,7.514,82.2897
1088,10.667,0.3704,3.2287,8.408,82.2876
1089,12.0,0.3704,3.5731,9.305,82.2853
1090,13.333,0.3704,3.9186,10.205,82.2827
1091,14.667,0.3704,4.2653,11.108,82.2799
1092,16.0,0.3704,4.6135,12.014,82.2768
1093,17.333,0.3704,4.9632,12.925,82.2735
1094,18.667,0.3704,5.3146,13.84,82.2699
1095,20.0,0.3704,5.6678,14.76,82.266
1096,21.333,0.3704,6.0229,15.685,82.2619
1097,22.667,0.3704,6.38,16.615,82.2576
1098,24.0,0.3704,6.7393,17.55,82.253
1099,25.333,0.3704,7.1009,18.492,82.2481
1100,26.667,0.3704,7.4649,19.44,82.243
1101,28.0,0.3704,7.8315,20.395,82.2376
1102,29.333,0.3704,8.2008,21.356,82.2319
1103,30.667,0.3704,8.5728,22.325,82.226
1104,32.0,0.3704,8.9479,23.302,82.2198
1105,33.333,0.3704,9.3259,24.286,82.2133
1106,34.667,0.3704,9.7072,25.279,82.2065
1107,36.0,0.3704,10.0918,26.281,82.1995
1108,37.333,0.3704,10.4799,27.291,82.1922
1109,38.667,0.3704,10.8715,28.311,82.1846
1110,40.0,0.2199,7.9232,20.633,82.1768
1111,40.25,0.0694,4.6124,12.011,82.171
1112,40.5,0.0694,4.6452,12.097,82.1677
1113,40.75,0.0694,4.6783,12.183,82.1643
1114,41.0,0.0694,4.7114,12.269,82.161
1115,41.25,0.0694,4.7447,12.356,82.1575
1116,41.5,0.0694,4.7782,12.443,82.1541
1117,41.75,0.0694,4.8118,12.531,82.1507
1118,42.0,0.0694,4.8455,12.618,82.1472
1119,42.25,0.0694,4.8793,12.707,82.1437
1120,42.5,0.0694,4.9133,12.795,82.1401
1121,42.75,0.0694,4.9475,12.884,82.1366
1122,43.0,0.0694,4.9818,12.973,82.133
1123,43.25,0.0694,5.0162,13.063,82.1294
1124,43.5,0.0694,5.0508,13.153,82.1258
1125,43.75,0.0694,5.0855,13.244,82.1221
1126,44.0,0.0694,5.1204,13.334,82.1184
1127,44.25,0.0694,5.1554,13.426,82.1147
1128,44.5,0.0694,5.1906,13.517,82.111
1129,44.75,0.0694,5.2259,13.609,82.1073
1130,45.0,0.0694,5.2614,13.702,82.1035
1131,45.25,0.0694,5.297,13.794,82.0997
1132,45.5,0.0694,5.3328,13.888,82.0958
1133,45.75,0.0694,5.3687,13.981,82.092
1134,46.0,0.0694,5.4048,14.075,82.0881
1135,46.25,0.0694,5.4411,14.169,82.0842
1136,46.5,0.0694,5.4775,14.264,82.0803
1137,46.75,0.0694,5.514,14.359,82.0763
1138,47.0,0.0694,5.5507,14.455,82.0723
1139,47.25,0.0694,5.5876,14.551,82.0683
1140,47.5,0.0694,5.6246,14.647,82.0642
1141,47.75,0.0694,5.6618,14.744,82.0602
1142,48.0,0.0694,5.6992,14.842,82.0561
1143,48.25,0.0694,5.7367,14.939,82.052
1144,48.5,0.0694,5.7743,15.037,82.0478
1145,48.75,0.0694,5.8122,15.136,82.0436
1146,49.0,0.0694,5.8502,15.235,82.0394
1147,49.25,0.0694,5.8883,15.334,82.0352
1148,49.5,0.0694,5.9267,15.434,82.0309
1149,49.75,0.0694,5.9652,15.534,82.0266
1150,50.0,-0.1968,-1.0315,-2.686,82.0223
1151,48.333,-0.463,-6.828,-17.781,82.0231
1152,46.667,-0.463,-6.6291,-17.263,82.028
1153,45.0,-0.463,-6.4245,-16.731,82.0328
1154,43.333,-0.463,-6.2145,-16.184,82.0375
1155,41.667,-0.463,-5.9992,-15.623,82.042
1156,40.0,-0.463,-5.7789,-15.049,82.0463
1157,38.333,-0.463,-5.5537,-14.463,82.0505
1158,36.667,-0.463,-5.3238,-13.864,82.0545
1159,35.0,-0.463,-5.0895,-13.254,82.0583
1160,33.333,-0.463,-4.851,-12.633,82.062
1161,31.667,-0.463,-4.6084,-12.001,82.0655
1162,30.0,-0.463,-4.362,-11.359,82.0689
1163,28.333,-0.463,-4.1119,-10.708,82.072
1164,26.667,-0.463,-3.8584,-10.048,82.075
1165,25.0,-0.463,-3.6017,-9.379,82.0778
1166,23.333,-0.463,-3.3419,-8.703,82.0804
1167,21.667,-0.463,-3.0793,-8.019,82.0828
1168,20.0,-0.463,-2.8141,-7.328,82.085
1169,18.333,-0.463,-2.5465,-6.631,82.0871
1170,16.667,-0.463,-2.2766,-5.929,82.0889
1171,15.0,-0.463,-2.0047,-5.221,82.0906
1172,13.333,-0.463,-1.731,-4.508,82.092
1173,11.667,-0.463,-1.4556,-3.791,82.0933
1174,10.0,-0.463,-1.1789,-3.07,82.0943
1175,8.333,-0.463,-0.9009,-2.346,82.0952
1176,6.667,-0.463,-0.622,-1.62,82.0958
1177,5.0,-0.463,-0.3422,-0.891,82.0963
1178,3.333,-0.463,-0.0618,-0.161,82.0965
1179,1.667,-0.463,0.219,0.57,82.0966
1180,0.0,-0.2315,0.5,1.302,82.0964
1181,0.0,0.0,0.5,1.302,82.096
1182,0.0,0.0,0.5,1.302,82.0957
1183,0.0,0.0,0.5,1.302,82.0953
1184,0.0,0.0,0.5,1.302,82.095
1185,0.0,0.0,0.5,1.302,82.0946
1186,0.0,0.0,0.5,1.302,82.0942
1187,0.0,0.0,0.5,1.302,82.0939
1188,0.0,0.0,0.5,1.302,82.0935
1189,0.0,0.0,0.5,1.302,82.0932
1190,0.0,0.0,0.5,1.302,82.0928
1191,0.0,0.0,0.5,1.302,82.0924
1192,0.0,0.0,0.5,1.302,82.0921
1193,0.0,0.0,0.5,1.302,82.0917
1194,0.0,0.0,0.5,1.302,82.0913
1195,0.0,0.0,0.5,1.302,82.091
1196,0.0,0.0,0.5,1.302,82.0906
1197,0.0,0.0,0.5,1.302,82.0903
1198,0.0,0.0,0.5,1.302,82.0899
1199,0.0,0.0,0.5,1.302,82.0895
1200,0.0,0.0,0.5,1.302,82.0892
